{"cameraMode":{"drawMode":0,"name":"Shaded","section":"Shading Mode"},"sceneLighting":false,"audioPlay":false,"sceneViewState":{"showFog":true,"showMaterialUpdate":false,"showSkybox":true,"showFlares":false,"showImageEffects":false,"showParticleSystems":false},"in2DMode":false,"pivot":{"x":-3.457063674926758,"y":-0.7344063520431519,"z":3.2829742431640627},"rotation":{"x":-0.11229807883501053,"y":0.03351440280675888,"z":0.004528552759438753,"w":0.9931025505065918},"size":9.563253402709961,"orthographic":false}