{"cameraMode":{"drawMode":0,"name":"Shaded","section":"Shading Mode"},"sceneLighting":false,"audioPlay":false,"sceneViewState":{"showFog":true,"showMaterialUpdate":false,"showSkybox":false,"showFlares":false,"showImageEffects":false,"showParticleSystems":false},"in2DMode":false,"pivot":{"x":1.175673484802246,"y":-6.501934051513672,"z":2.53778076171875},"rotation":{"x":-0.4949735999107361,"y":-0.004694273229688406,"z":0.0026742802001535894,"w":-0.8688979148864746},"size":4.666904449462891,"orthographic":false}